matrix_size,strategy_name,method,threads,parallel_time_seconds,elapsed_seconds,gflops,gflops_elapsed,ipc,cache_miss_rate,l1_miss_rate,llc_miss_rate,l2_miss_rate,normalized_l1_misses_per_element,speedup,efficiency
1024.0,OnMultLine - parallel,OnMultLine,4.0,0.0961171,0.104379771,22.34236829866902,20.573753203578114,5.31,0.005219321446883,0.016715191589534436,0.027415925705408867,0.04088879771905638,35.61813831329346,3.402100146592022,0.8505250366480055
1536.0,OnMultLine - parallel,OnMultLine,4.0,0.346227,0.363188942,20.933541612872478,19.955886520355566,4.82,0.013696264660635036,0.04006621580539873,0.037933821327996775,0.08397188258481525,125.45379850599501,3.523699769226548,0.880924942306637
2048.0,OnMultLine - parallel,OnMultLine,4.0,1.22985,1.253551934,13.969076866284507,13.7049520789938,3.06,0.11521373447735897,0.02905772076151779,0.034943845487086865,0.2468573573252697,119.77684712409973,2.934504207830223,0.7336260519575557
2560.0,OnMultLine - parallel,OnMultLine,4.0,2.66919,2.706002074,12.571016675470835,12.400002321653801,2.76,0.1978208730086054,0.03422103169520892,0.07275420406815333,0.30253313953927424,176.4662809753418,2.7749991570476435,0.6937497892619109
3072.0,OnMultLine - parallel,OnMultLine,4.0,4.7222,4.773885972,12.278611345559273,12.14567311328315,2.75,0.22640338436808655,0.029375052982440114,0.08584900336585051,0.2711093444301881,180.86900838216147,2.813942653847783,0.7034856634619457
